Fila,Columna,Descripcion,
34,4,Este metodo tiene muchos parametros!!. 
Nombre del metodo: visitClassBodyDeclaration,
38,4,Este metodo tiene muchos parametros!!. 
Nombre del metodo: metodo1,
42,4,Este metodo tiene muchos parametros!!. 
Nombre del metodo: metodo1,
45,4,Este metodo tiene muchos parametros!!. 
Nombre del metodo: metodo2,
48,4,Este metodo tiene muchos parametros!!. 
Nombre del metodo: metodo3,
51,4,Este metodo tiene muchos parametros!!. 
Nombre del metodo: metodo4,
54,4,Este metodo tiene muchos parametros!!. 
Nombre del metodo: metodo5,
57,4,Este metodo tiene muchos parametros!!. 
Nombre del metodo: metodo6,
60,4,Este metodo tiene muchos parametros!!. 
Nombre del metodo: metodo7,
63,4,Este metodo tiene muchos parametros!!. 
Nombre del metodo: metodo8,
66,4,Este metodo tiene muchos parametros!!. 
Nombre del metodo: metodo9,
69,4,Este metodo tiene muchos parametros!!. 
Nombre del metodo: metodo10,
72,4,Este metodo tiene muchos parametros!!. 
Nombre del metodo: metodo11,
75,4,Este metodo tiene muchos parametros!!. 
Nombre del metodo: metodo12,
8,0,Esta clase es enorme!!.
,
54,13,Este metodo no es usado!.
,
51,13,Este metodo no es usado!.
,
48,13,Este metodo no es usado!.
,
45,13,Este metodo no es usado!.
,
42,13,Este metodo no es usado!.
,
66,13,Este metodo no es usado!.
,
72,13,Este metodo no es usado!.
,
63,13,Este metodo no es usado!.
,
75,13,Este metodo no es usado!.
,
60,13,Este metodo no es usado!.
,
57,13,Este metodo no es usado!.
,
69,13,Este metodo no es usado!.
,
34,13,Este metodo no es usado!.
,
8,0,Esta clase no es usada!.
,
